,rf_fl_prediction_3,xgbt_fl_prediction_3,gp_fl_prediction_3,enet_fl_prediction_3,rf_fl_prediction_5,xgbt_fl_prediction_5,gp_fl_prediction_5,enet_fl_prediction_5,rf_fl_prediction_7,xgbt_fl_prediction_7,gp_fl_prediction_7,enet_fl_prediction_7
1,161.6357209466523,140.84530964856444,756.0152502084334,135.91698923366368,156.15880587555233,146.0467219762224,757.0650045867397,134.51092658587262,159.5774254979264,141.0505583115501,751.5185605365535,143.95155676232505
2,183.2523975822687,159.87886820965426,759.7662533255552,176.99648940483297,179.4760897646701,156.8725995832287,758.9442021210092,171.2894514210105,179.75175573066633,161.14429868909417,754.8558592405182,188.54813562181624
5,201.4020071302051,207.1948117111044,768.7499745105505,225.0153604231907,195.32331542173443,194.61614783979257,767.9631616938312,244.50265527111523,194.46038259775736,193.21981653029277,759.3258276787724,280.74964430772417
7,220.4519109383586,211.45675680857303,774.7966139308056,246.7231444025584,196.53046946447455,189.5614148501746,772.7430562003154,268.5780170039091,183.35905032023894,175.98220080451318,757.6416883888005,285.119190428077
10,203.57148555350227,203.24718940246134,772.1441255606826,245.038031825832,196.96255721112357,184.4788402500406,765.2094932284089,252.71006731450524,194.09194984825808,160.88824537547794,754.5030000507066,258.84333777390066
15,227.02889782737861,224.58694307550473,779.1263818692462,265.2358989541607,220.4822983595064,208.08022491337326,783.7780555590195,288.86229494997013,242.0376391518667,236.3687585109335,786.5476516611966,312.6672840504432
20,278.63527632418453,276.70308093694945,825.2072870667319,364.4947821799004,266.6686867208259,265.3235948799126,832.7993495263788,447.2570611200821,305.1927127346697,305.2421333957683,840.5946352588942,500.79252915401827
25,322.31767339340837,296.03413654509507,851.1958409912187,427.38432210104304,312.66274664164143,332.3533059862652,863.5611907696988,511.122045505688,344.68044770900815,319.8021263218867,857.7509545761958,574.4167680163893
30,362.3012745718591,371.73326458631595,898.2677242066725,458.29377327821743,308.9672454070568,295.345712682612,880.5877817471699,557.6530704432381,372.2500544040295,314.57809841118944,866.4594160215696,629.303884578704
